{
    "pitch_min": 50.0,
    "pitch_max": 816.6666870117188,
    "pitch_mean": 177.95761108398438,
    "pitch_std": 98.08161163330078,
    "energy_min": 0.006278492510318756,
    "energy_max": 128.63058471679688,
    "energy_mean": 18.758264541625977,
    "energy_std": 14.74779987335205
}